{"leetcode":{"easy":26,"hard":3,"medium":24,"shas":{"0283-move-zeroes":{"0283-move-zeroes.cpp":"1a2947bbde1914a2972e3566bcfc39ef0017b4af","README.md":"28d20bb062aa7dc5a9395769b41f7a80a0378b71","difficulty":"easy"},"README.md":{"":"6dbd896a1fe1c87fcc3200c286f46ca48304a9e6"},"0392-is-subsequence":{"0392-is-subsequence.cpp":"17cdceac0715e77dad32c598c1111e79d693fe05","README.md":"8c4476fc5a2dbd2bc99ffa85164b350b665e20e9","difficulty":"easy"},"stats.json":{"":"34cbc01ce15e005ab67cbbc771c4db65d1a22274"},"0125-valid-palindrome":{"0125-valid-palindrome.cpp":"e1f9ba26a46a48276f6b114c40d924aa7ac56dd1","README.md":"213d38e6bd9704d91b8759c7b29ebd97622cca49","difficulty":"easy"},"0014-longest-common-prefix":{"0014-longest-common-prefix.cpp":"7be3bfe1e2b0df8bccf13a3f5cbfc8456a5c5cfc","README.md":"d3ad55ef459dd3f35715c56d7ad0d5d75a534fc4","difficulty":"easy"},"0006-zigzag-conversion":{"0006-zigzag-conversion.cpp":"b62abaae534de02bcec68fb837a8289ec52ac8c3","README.md":"c32dbe88a507928267d767767fb42e1d422c0a6a","difficulty":"medium"},"0151-reverse-words-in-a-string":{"0151-reverse-words-in-a-string.cpp":"4efa1ebefdd5e7cc929ca0464e03e25b7dd10cca","README.md":"3c297129555a572a5da3aadfd1275e741726ae49","difficulty":"medium"},"0136-single-number":{"0136-single-number.cpp":"73e90ddd949e2adc8a2b56810705775a2d3af324","README.md":"c579d5a068423086756feb42cd249740a67a901c","difficulty":"easy"},"0191-number-of-1-bits":{"0191-number-of-1-bits.cpp":"28a06c5051291ead50ab057a76ee888e0de0d6ea","README.md":"d53044185b7acd8d879cf509f6dd60520c328629","difficulty":"easy"},"0338-counting-bits":{"0338-counting-bits.cpp":"5a1ce5246ef48048a78f9b5020e1dd7d2a7b3d32","README.md":"49b28d806be1219ac702d54734cc9dcf52f4a286","difficulty":"easy"},"0190-reverse-bits":{"0190-reverse-bits.cpp":"659f0b21aef880f5171fd1666b683be08e3d8976","README.md":"a9d9ff5154387903cc5cc2ccbb644d5544f128af","difficulty":"easy"},"0201-bitwise-and-of-numbers-range":{"0201-bitwise-and-of-numbers-range.cpp":"dea017ef789fe0b450923468bc62ce7d41b3ebdb","README.md":"e55e5e503658eac75ba088a17c9bbcc7652e6138","difficulty":"medium"},"0260-single-number-iii":{"0260-single-number-iii.cpp":"8f885b688ed9e07c113a33c9c20704d73c34b655","README.md":"46524bb5a63cc4c9f8299437fdc9625946121046","difficulty":"medium"},"0371-sum-of-two-integers":{"0371-sum-of-two-integers.cpp":"10a262c6ac7d66f01441c04e9d40e358c4ebb500","README.md":"2e0667e92ce0c5641f2fd8b07d8704396d98081d","difficulty":"medium"},"0873-guess-the-word":{"0873-guess-the-word.cpp":"0ecf4622b9a0dc35e240205050fc1db8e33799f4","README.md":"9a879ac2fb3c9055d611b4ba86810667afcd29ee","difficulty":"hard"},"0026-remove-duplicates-from-sorted-array":{"0026-remove-duplicates-from-sorted-array.cpp":"2de73c4fa9a8b3503f6321baae0ad48e2c80e8c8","README.md":"347d48028e5b233f473e529176aa780f584325e5","difficulty":"easy"},"0121-best-time-to-buy-and-sell-stock":{"0121-best-time-to-buy-and-sell-stock.cpp":"7c1b22576104b65ed8765e9e6b79ad1492248d4c","README.md":"c985d4a7bb22bad48ddd48f971d6376a9b0b8e9b","difficulty":"easy"},"0189-rotate-array":{"0189-rotate-array.cpp":"a33aa4dcd56b0eb5ef201f07b4c85ff53c7cbcb9","README.md":"b710072ecd8b8c5020863cf6ed6cb567a8d0c8f7","difficulty":"medium"},"0238-product-of-array-except-self":{"0238-product-of-array-except-self.cpp":"239bddf87d9d21d73ba0b38cba3f616ce79194e5","README.md":"699ca8d2ecb531a06fcc5b9af4a4aeadc7c45fcb","difficulty":"medium"},"0122-best-time-to-buy-and-sell-stock-ii":{"0122-best-time-to-buy-and-sell-stock-ii.cpp":"6a8a6bb4d89ad0a04495f64bae9b0640c99f8c25","README.md":"5e0ddf8f506b5ac5e6fb0c618502d81431b7a37d","difficulty":"medium"},"2432-number-of-zero-filled-subarrays":{"2432-number-of-zero-filled-subarrays.cpp":"5d1ae4d6db110f21a697b76bbcdb15735ff87afa","README.md":"1bbdd71ad48aed35aaa499b78d3af4deabcdf471","difficulty":"medium"},"0334-increasing-triplet-subsequence":{"0334-increasing-triplet-subsequence.cpp":"ddf4ac5c3d0cdccbf4e8bf8a606d6712731d2766","README.md":"4bb99cb5b92193619af8f303fb63a82064ad6237","difficulty":"medium"},"0300-longest-increasing-subsequence":{"0300-longest-increasing-subsequence.cpp":"cbf68fc5100ec238bd26310161bc221d7f9e21f9","README.md":"598ddc0fad5b6ebf0b6821028c42c5f9a78fc010","difficulty":"medium"},"0041-first-missing-positive":{"0041-first-missing-positive.cpp":"f34ea8d20f02fe224d6346097f0e21910ae8386e","README.md":"69e2fe13218b26977d4a7eee008f308ee67430f0","difficulty":"hard"},"0673-number-of-longest-increasing-subsequence":{"0673-number-of-longest-increasing-subsequence.cpp":"8834f587f19cb251fa7016b47fd45123d8c27145","README.md":"1415a7a594b723536f7a519791ae06ebfad6d53c","difficulty":"medium"},"0202-happy-number":{"0202-happy-number.cpp":"672f577076c035d38d11a3a2a8f14ba7d4beb0dd","README.md":"41b8ea3721fb905891a77cf028a3ab84f9a16f82","difficulty":"easy"},"0066-plus-one":{"0066-plus-one.cpp":"d47da6bf820f6ef2668e72c19ea8bcdf136273fc","README.md":"58bb8b3c6bdfb7c8f40e6b83c34838c830b44894","difficulty":"easy"},"0020-valid-parentheses":{"0020-valid-parentheses.cpp":"d4a12cc8112d1ad618b3d4b0f97121f6ea1e4a6b","README.md":"cd6320f8cb09fba0fb72aa44268e4aa33fff7cf9","difficulty":"easy"},"0155-min-stack":{"0155-min-stack.cpp":"230b8a06d24042bf93d241d86911bcc39caf070e","README.md":"3902f5dff724cfd4e66625fd89bd17f7b3028c1a","difficulty":"medium"},"0150-evaluate-reverse-polish-notation":{"0150-evaluate-reverse-polish-notation.cpp":"f449a22ae22f184d340b849bdf395ad80b01a4f2","README.md":"3e44cde4c9fed4f9adb92ef0a609288bb1c392c1","difficulty":"medium"},"0079-word-search":{"0079-word-search.py":"3fb208adbbe98c7f6e89e824904052a684c46a9d","README.md":"32a6aafa2119308b412ae12262396596157d5027","difficulty":"medium"},"0200-number-of-islands":{"0200-number-of-islands.py":"12eb4f204f5e264f33468c16d7a79e98bb4e9a0e","README.md":"42a12c0fca41e0bf0eaafabd16b28121853b36ce","difficulty":"medium"},"1894-merge-strings-alternately":{"1894-merge-strings-alternately.cpp":"fc30f9ca0a17d5325c8f629d76547b40d41a4cc1","README.md":"21fd62cd68c6bc98c94487b39888213ef8513bde","difficulty":"easy"},"0088-merge-sorted-array":{"0088-merge-sorted-array.cpp":"58d1bcdf2befcef73588d3b91e744fc803b131a4","README.md":"50730b6007ef4a20d99d504582778d3b2a0d4774","difficulty":"easy"},"1146-greatest-common-divisor-of-strings":{"1146-greatest-common-divisor-of-strings.cpp":"ebea856b33e390596edaf5a3715b0d1d79a0f411","README.md":"db7d8e9654352403976b6b9726180b89d7bcc81f","difficulty":"easy"},"1528-kids-with-the-greatest-number-of-candies":{"1528-kids-with-the-greatest-number-of-candies.py":"7dc4fff0656346539b6fd5acd961dc84b5fb4a6a","README.md":"7e84dde7bf6052f9264a136540e84d069a0e06ed","difficulty":"easy"},"0167-two-sum-ii-input-array-is-sorted":{"0167-two-sum-ii-input-array-is-sorted.cpp":"906bd896236f35e40a7471c13687b4df894080b8","README.md":"9cace0eb3d59e65c56c0e1a9c379e190b2a25941","difficulty":"medium"},"0011-container-with-most-water":{"0011-container-with-most-water.cpp":"4d66ee107bfad23beb6fa4e849b749a73ae1b785","README.md":"d639cbc775d69587c4d50e25339787fc8d8bf70a","difficulty":"medium"},"0015-3sum":{"0015-3sum.cpp":"de6ee10ad6072794e8ab4e344e2a5b91bcd7b247","README.md":"84e5854cd32cb65d06da712e6329d17566651913","difficulty":"medium"},"0148-sort-list":{"0148-sort-list.cpp":"9176161301e6829add87142f7c96d0cc4298399d","README.md":"ef041a5a81dfc860682c67097873906709ca259c","difficulty":"medium"},"0817-design-hashmap":{"0817-design-hashmap.cpp":"a13715deaba95d99231ec1f19815b554f73c4251","README.md":"68b54a9ecef5a273f372c64945cd4ad1f18a5024","difficulty":"easy"},"1297-maximum-number-of-balloons":{"1297-maximum-number-of-balloons.cpp":"33450cd80d1f8e22622ae7ac273563b7e82ef34b","README.md":"454b79f938962244f6d3578cf84c9d40d73f60f1","difficulty":"easy"},"1635-number-of-good-pairs":{"1635-number-of-good-pairs.cpp":"080c2b5d8eb91a7b1c89e6a93346ddd43b1914ed","README.md":"abf6de5f85831269d66242787c507805ec8f9854","difficulty":"easy"},"0205-isomorphic-strings":{"0205-isomorphic-strings.cpp":"281f6beb249c206c6ed97a34e9890c31ece82d6b","README.md":"1446a3b531763a3e19d8e3de2098fbdbc3033ae3","difficulty":"easy"},"0383-ransom-note":{"0383-ransom-note.cpp":"9e29ca7a38b0dd585f5c017475ccd57a9546560b","README.md":"7dc5f9790d9608c23774331e2a5999a5efd79a20","difficulty":"easy"},"0219-contains-duplicate-ii":{"0219-contains-duplicate-ii.cpp":"dbb66a405ccd29a4159acff4d3b2b0db8a7a2e27","README.md":"e77f50a607c80d56d077b24b558618c47cf05a21","difficulty":"easy"},"0049-group-anagrams":{"0049-group-anagrams.cpp":"3c4c613c058c903ff5d8ebcee4d624b4003cf5a2","README.md":"9d4e57a1660ecf3ab6088a2b5784c68ccf5ddbcf","difficulty":"medium"},"0535-encode-and-decode-tinyurl":{"0535-encode-and-decode-tinyurl.cpp":"7a3ac119e69c71c0fbd098692c3053f844b1f9d3","README.md":"8480a7a6ce5875de86f6a7f4d881385b2861c669","difficulty":"medium"},"0908-middle-of-the-linked-list":{"0908-middle-of-the-linked-list.cpp":"7d77b6241b6d70a8f97065f9c89fa174c26e2b5c","README.md":"8901a7b1b751c35fa003969dc6a62dda8e8c2451","difficulty":"easy"},"0142-linked-list-cycle-ii":{"0142-linked-list-cycle-ii.cpp":"f7802d5818cd8e1eefd61861957df68ff537031d","README.md":"5542812ecebeb59b63a8be0ed2f2ed36de15f75a","difficulty":"medium"},"0206-reverse-linked-list":{"0206-reverse-linked-list.cpp":"a601446d4d7a99caae13f1b8982bf4d562fe3485","README.md":"d0e5a229257a811c50c7bcd689b492fe0a4082d2","difficulty":"easy"},"0234-palindrome-linked-list":{"0234-palindrome-linked-list.cpp":"40024ed68c39c3ee2856796b2ab2aaf161c78eb3","README.md":"7576eb79ebdcea463cbb12a37b2b7d59b7d2bcaa","difficulty":"easy"},"0025-reverse-nodes-in-k-group":{"0025-reverse-nodes-in-k-group.cpp":"7e6d67aadf739954e1baa6797c39da2687cfd656","README.md":"546ce7c305d12a712c76d032e209715ad644c24b","difficulty":"hard"},"0092-reverse-linked-list-ii":{"0092-reverse-linked-list-ii.cpp":"4e791b3f7d87286b7261070b918679d7cedee39a","README.md":"ef7393e9cec8b5d4098980721b062d60e653322a","difficulty":"medium"}},"solved":53}}